Symbol,Sector,Industry,CapTier,Category
A,Health Care,Life Sciences Tools & Services,large,
AAPL,Information Technology,"Technology Hardware, Storage & Peripherals",large,
ABBV,Health Care,Biotechnology,large,
ABNB,Consumer Discretionary,"Hotels, Resorts & Cruise Lines",large,
ABT,Health Care,Health Care Equipment,large,
ACGL,Financials,Property & Casualty Insurance,large,
ACN,Information Technology,IT Consulting & Other Services,large,
ADBE,Information Technology,Application Software,large,
ADI,Information Technology,Semiconductors,large,
ADM,Consumer Staples,Agricultural Products & Services,large,
ADP,Industrials,Human Resource & Employment Services,large,
ADSK,Information Technology,Application Software,large,
AEE,Utilities,Multi-Utilities,large,
AEP,Utilities,Electric Utilities,large,
AES,Utilities,Independent Power Producers & Energy Traders,large,
AFL,Financials,Life & Health Insurance,large,
AIG,Financials,Multi-line Insurance,large,
AIZ,Financials,Multi-line Insurance,large,
AJG,Financials,Insurance Brokers,large,
AKAM,Information Technology,Internet Services & Infrastructure,large,
ALB,Materials,Specialty Chemicals,large,
ALGN,Health Care,Health Care Supplies,large,
ALL,Financials,Property & Casualty Insurance,large,
ALLE,Industrials,Building Products,large,
AMAT,Information Technology,Semiconductor Materials & Equipment,large,
AMCR,Materials,Paper & Plastic Packaging Products & Materials,large,
AMD,Information Technology,Semiconductors,large,
AME,Industrials,Electrical Components & Equipment,large,
AMGN,Health Care,Biotechnology,large,
AMP,Financials,Asset Management & Custody Banks,large,
AMT,Real Estate,Telecom Tower REITs,large,
AMZN,Consumer Discretionary,Broadline Retail,large,
ANET,Information Technology,Communications Equipment,large,
AON,Financials,Insurance Brokers,large,
AOS,Industrials,Building Products,large,
APA,Energy,Oil & Gas Exploration & Production,large,
APD,Materials,Industrial Gases,large,
APH,Information Technology,Electronic Components,large,
APO,Financials,Asset Management & Custody Banks,large,
APP,Information Technology,Application Software,large,
APTV,Consumer Discretionary,Automotive Parts & Equipment,large,
ARE,Real Estate,Office REITs,large,
ARES,Financials,Asset Management & Custody Banks,large,
ATO,Utilities,Gas Utilities,large,
AVB,Real Estate,Multi-Family Residential REITs,large,
AVGO,Information Technology,Semiconductors,large,
AVY,Materials,Paper & Plastic Packaging Products & Materials,large,
AWK,Utilities,Water Utilities,large,
AXON,Industrials,Aerospace & Defense,large,
AXP,Financials,Consumer Finance,large,
AZO,Consumer Discretionary,Automotive Retail,large,
BA,Industrials,Aerospace & Defense,large,
BAC,Financials,Diversified Banks,large,
BALL,Materials,"Metal, Glass & Plastic Containers",large,
BAX,Health Care,Health Care Equipment,large,
BBY,Consumer Discretionary,Computer & Electronics Retail,large,
BDX,Health Care,Health Care Equipment,large,
BEN,Financials,Asset Management & Custody Banks,large,
BF-B,Consumer Staples,Distillers & Vintners,large,
BG,Consumer Staples,Agricultural Products & Services,large,
BIIB,Health Care,Biotechnology,large,
BK,Financials,Asset Management & Custody Banks,large,
BKNG,Consumer Discretionary,"Hotels, Resorts & Cruise Lines",large,
BKR,Energy,Oil & Gas Equipment & Services,large,
BLDR,Industrials,Building Products,large,
BLK,Financials,Asset Management & Custody Banks,large,
BMY,Health Care,Pharmaceuticals,large,
BR,Industrials,Data Processing & Outsourced Services,large,
BRK-B,Financials,Multi-Sector Holdings,large,
BRO,Financials,Insurance Brokers,large,
BSX,Health Care,Health Care Equipment,large,
BX,Financials,Asset Management & Custody Banks,large,
BXP,Real Estate,Office REITs,large,
C,Financials,Diversified Banks,large,
CAG,Consumer Staples,Packaged Foods & Meats,large,
CAH,Health Care,Health Care Distributors,large,
CARR,Industrials,Building Products,large,
CAT,Industrials,Construction Machinery & Heavy Transportation Equipment,large,
CB,Financials,Property & Casualty Insurance,large,
CBOE,Financials,Financial Exchanges & Data,large,
CBRE,Real Estate,Real Estate Services,large,
CCI,Real Estate,Telecom Tower REITs,large,
CCL,Consumer Discretionary,"Hotels, Resorts & Cruise Lines",large,
CDNS,Information Technology,Application Software,large,
CDW,Information Technology,Technology Distributors,large,
CEG,Utilities,Electric Utilities,large,
CF,Materials,Fertilizers & Agricultural Chemicals,large,
CFG,Financials,Regional Banks,large,
CHD,Consumer Staples,Household Products,large,
CHRW,Industrials,Air Freight & Logistics,large,
CHTR,Communication Services,Cable & Satellite,large,
CI,Health Care,Health Care Services,large,
CIEN,Information Technology,Communications Equipment,large,
CINF,Financials,Property & Casualty Insurance,large,
CL,Consumer Staples,Household Products,large,
CLX,Consumer Staples,Household Products,large,
CMCSA,Communication Services,Cable & Satellite,large,
CME,Financials,Financial Exchanges & Data,large,
CMG,Consumer Discretionary,Restaurants,large,
CMI,Industrials,Construction Machinery & Heavy Transportation Equipment,large,
CMS,Utilities,Multi-Utilities,large,
CNC,Health Care,Managed Health Care,large,
CNP,Utilities,Multi-Utilities,large,
COF,Financials,Consumer Finance,large,
COHR,Information Technology,Electronic Components,large,
COIN,Financials,Financial Exchanges & Data,large,
COO,Health Care,Health Care Supplies,large,
COP,Energy,Oil & Gas Exploration & Production,large,
COR,Health Care,Health Care Distributors,large,
COST,Consumer Staples,Consumer Staples Merchandise Retail,large,
CPAY,Financials,Transaction & Payment Processing Services,large,
CPB,Consumer Staples,Packaged Foods & Meats,large,
CPRT,Industrials,Diversified Support Services,large,
CPT,Real Estate,Multi-Family Residential REITs,large,
CRH,Materials,Construction Materials,large,
CRL,Health Care,Life Sciences Tools & Services,large,
CRM,Information Technology,Application Software,large,
CRWD,Information Technology,Systems Software,large,
CSCO,Information Technology,Communications Equipment,large,
CSGP,Real Estate,Real Estate Services,large,
CSX,Industrials,Rail Transportation,large,
CTAS,Industrials,Diversified Support Services,large,
CTRA,Energy,Oil & Gas Exploration & Production,large,
CTSH,Information Technology,IT Consulting & Other Services,large,
CTVA,Materials,Fertilizers & Agricultural Chemicals,large,
CVNA,Consumer Discretionary,Automotive Retail,large,
CVS,Health Care,Health Care Services,large,
CVX,Energy,Integrated Oil & Gas,large,
D,Utilities,Multi-Utilities,large,
DAL,Industrials,Passenger Airlines,large,
DASH,Consumer Discretionary,Specialized Consumer Services,large,
DD,Materials,Specialty Chemicals,large,
DDOG,Information Technology,Application Software,large,
DE,Industrials,Agricultural & Farm Machinery,large,
DECK,Consumer Discretionary,Footwear,large,
DELL,Information Technology,"Technology Hardware, Storage & Peripherals",large,
DG,Consumer Staples,Consumer Staples Merchandise Retail,large,
DGX,Health Care,Health Care Services,large,
DHI,Consumer Discretionary,Homebuilding,large,
DHR,Health Care,Life Sciences Tools & Services,large,
DIS,Communication Services,Movies & Entertainment,large,
DLR,Real Estate,Data Center REITs,large,
DLTR,Consumer Staples,Consumer Staples Merchandise Retail,large,
DOC,Real Estate,Health Care REITs,large,
DOV,Industrials,Industrial Machinery & Supplies & Components,large,
DOW,Materials,Commodity Chemicals,large,
DPZ,Consumer Discretionary,Restaurants,large,
DRI,Consumer Discretionary,Restaurants,large,
DTE,Utilities,Multi-Utilities,large,
DUK,Utilities,Electric Utilities,large,
DVA,Health Care,Health Care Services,large,
DVN,Energy,Oil & Gas Exploration & Production,large,
DXCM,Health Care,Health Care Equipment,large,
EA,Communication Services,Interactive Home Entertainment,large,
EBAY,Consumer Discretionary,Broadline Retail,large,
ECL,Materials,Specialty Chemicals,large,
ED,Utilities,Multi-Utilities,large,
EFX,Industrials,Research & Consulting Services,large,
EG,Financials,Reinsurance,large,
EIX,Utilities,Electric Utilities,large,
EL,Consumer Staples,Personal Care Products,large,
ELV,Health Care,Managed Health Care,large,
EME,Industrials,Construction & Engineering,large,
EMR,Industrials,Electrical Components & Equipment,large,
EOG,Energy,Oil & Gas Exploration & Production,large,
EPAM,Information Technology,IT Consulting & Other Services,large,
EQIX,Real Estate,Data Center REITs,large,
EQR,Real Estate,Multi-Family Residential REITs,large,
EQT,Energy,Oil & Gas Exploration & Production,large,
ERIE,Financials,Insurance Brokers,large,
ES,Utilities,Electric Utilities,large,
ESS,Real Estate,Multi-Family Residential REITs,large,
ETN,Industrials,Electrical Components & Equipment,large,
ETR,Utilities,Electric Utilities,large,
EVRG,Utilities,Electric Utilities,large,
EW,Health Care,Health Care Equipment,large,
EXC,Utilities,Electric Utilities,large,
EXE,Energy,Oil & Gas Exploration & Production,large,
EXPD,Industrials,Air Freight & Logistics,large,
EXPE,Consumer Discretionary,"Hotels, Resorts & Cruise Lines",large,
EXR,Real Estate,Self-Storage REITs,large,
F,Consumer Discretionary,Automobile Manufacturers,large,
FANG,Energy,Oil & Gas Exploration & Production,large,
FAST,Industrials,Trading Companies & Distributors,large,
FCX,Materials,Copper,large,
FDS,Financials,Financial Exchanges & Data,large,
FDX,Industrials,Air Freight & Logistics,large,
FE,Utilities,Electric Utilities,large,
FFIV,Information Technology,Communications Equipment,large,
FICO,Information Technology,Application Software,large,
FIS,Financials,Transaction & Payment Processing Services,large,
FISV,Financials,Transaction & Payment Processing Services,large,
FITB,Financials,Regional Banks,large,
FIX,Industrials,Construction & Engineering,large,
FOX,Communication Services,Broadcasting,large,
FOXA,Communication Services,Broadcasting,large,
FRT,Real Estate,Retail REITs,large,
FSLR,Information Technology,Semiconductors,large,
FTNT,Information Technology,Systems Software,large,
FTV,Industrials,Industrial Machinery & Supplies & Components,large,
GD,Industrials,Aerospace & Defense,large,
GDDY,Information Technology,Internet Services & Infrastructure,large,
GE,Industrials,Aerospace & Defense,large,
GEHC,Health Care,Health Care Equipment,large,
GEN,Information Technology,Systems Software,large,
GEV,Industrials,Heavy Electrical Equipment,large,
GILD,Health Care,Biotechnology,large,
GIS,Consumer Staples,Packaged Foods & Meats,large,
GL,Financials,Life & Health Insurance,large,
GLW,Information Technology,Electronic Components,large,
GM,Consumer Discretionary,Automobile Manufacturers,large,
GNRC,Industrials,Electrical Components & Equipment,large,
GOOG,Communication Services,Interactive Media & Services,large,
GOOGL,Communication Services,Interactive Media & Services,large,
GPC,Consumer Discretionary,Distributors,large,
GPN,Financials,Transaction & Payment Processing Services,large,
GRMN,Consumer Discretionary,Consumer Electronics,large,
GS,Financials,Investment Banking & Brokerage,large,
GWW,Industrials,Industrial Machinery & Supplies & Components,large,
HAL,Energy,Oil & Gas Equipment & Services,large,
HAS,Consumer Discretionary,Leisure Products,large,
HBAN,Financials,Regional Banks,large,
HCA,Health Care,Health Care Facilities,large,
HD,Consumer Discretionary,Home Improvement Retail,large,
HIG,Financials,Property & Casualty Insurance,large,
HII,Industrials,Aerospace & Defense,large,
HLT,Consumer Discretionary,"Hotels, Resorts & Cruise Lines",large,
HOLX,Health Care,Health Care Equipment,large,
HON,Industrials,Industrial Conglomerates,large,
HOOD,Financials,Investment Banking & Brokerage,large,
HPE,Information Technology,"Technology Hardware, Storage & Peripherals",large,
HPQ,Information Technology,"Technology Hardware, Storage & Peripherals",large,
HRL,Consumer Staples,Packaged Foods & Meats,large,
HSIC,Health Care,Health Care Distributors,large,
HST,Real Estate,Hotel & Resort REITs,large,
HSY,Consumer Staples,Packaged Foods & Meats,large,
HUBB,Industrials,Industrial Machinery & Supplies & Components,large,
HUM,Health Care,Managed Health Care,large,
HWM,Industrials,Aerospace & Defense,large,
IBKR,Financials,Investment Banking & Brokerage,large,
IBM,Information Technology,IT Consulting & Other Services,large,
ICE,Financials,Financial Exchanges & Data,large,
IDXX,Health Care,Health Care Equipment,large,
IEX,Industrials,Industrial Machinery & Supplies & Components,large,
IFF,Materials,Specialty Chemicals,large,
INCY,Health Care,Biotechnology,large,
INTC,Information Technology,Semiconductors,large,
INTU,Information Technology,Application Software,large,
INVH,Real Estate,Single-Family Residential REITs,large,
IP,Materials,Paper & Plastic Packaging Products & Materials,large,
IQV,Health Care,Life Sciences Tools & Services,large,
IR,Industrials,Industrial Machinery & Supplies & Components,large,
IRM,Real Estate,Other Specialized REITs,large,
ISRG,Health Care,Health Care Equipment,large,
IT,Information Technology,IT Consulting & Other Services,large,
ITW,Industrials,Industrial Machinery & Supplies & Components,large,
IVZ,Financials,Asset Management & Custody Banks,large,
J,Industrials,Construction & Engineering,large,
JBHT,Industrials,Cargo Ground Transportation,large,
JBL,Information Technology,Electronic Manufacturing Services,large,
JCI,Industrials,Building Products,large,
JKHY,Financials,Transaction & Payment Processing Services,large,
JNJ,Health Care,Pharmaceuticals,large,
JPM,Financials,Diversified Banks,large,
KDP,Consumer Staples,Soft Drinks & Non-alcoholic Beverages,large,
KEY,Financials,Regional Banks,large,
KEYS,Information Technology,Electronic Equipment & Instruments,large,
KHC,Consumer Staples,Packaged Foods & Meats,large,
KIM,Real Estate,Retail REITs,large,
KKR,Financials,Asset Management & Custody Banks,large,
KLAC,Information Technology,Semiconductor Materials & Equipment,large,
KMB,Consumer Staples,Household Products,large,
KMI,Energy,Oil & Gas Storage & Transportation,large,
KO,Consumer Staples,Soft Drinks & Non-alcoholic Beverages,large,
KR,Consumer Staples,Food Retail,large,
KVUE,Consumer Staples,Personal Care Products,large,
L,Financials,Multi-line Insurance,large,
LDOS,Industrials,Diversified Support Services,large,
LEN,Consumer Discretionary,Homebuilding,large,
LH,Health Care,Health Care Services,large,
LHX,Industrials,Aerospace & Defense,large,
LII,Industrials,Building Products,large,
LIN,Materials,Industrial Gases,large,
LITE,Information Technology,Communications Equipment,large,
LLY,Health Care,Pharmaceuticals,large,
LMT,Industrials,Aerospace & Defense,large,
LNT,Utilities,Electric Utilities,large,
LOW,Consumer Discretionary,Home Improvement Retail,large,
LRCX,Information Technology,Semiconductor Materials & Equipment,large,
LULU,Consumer Discretionary,"Apparel, Accessories & Luxury Goods",large,
LUV,Industrials,Passenger Airlines,large,
LVS,Consumer Discretionary,Casinos & Gaming,large,
LYB,Materials,Specialty Chemicals,large,
LYV,Communication Services,Movies & Entertainment,large,
MA,Financials,Transaction & Payment Processing Services,large,
MAA,Real Estate,Multi-Family Residential REITs,large,
MAR,Consumer Discretionary,"Hotels, Resorts & Cruise Lines",large,
MAS,Industrials,Building Products,large,
MCD,Consumer Discretionary,Restaurants,large,
MCHP,Information Technology,Semiconductors,large,
MCK,Health Care,Health Care Distributors,large,
MCO,Financials,Financial Exchanges & Data,large,
MDLZ,Consumer Staples,Packaged Foods & Meats,large,
MDT,Health Care,Health Care Equipment,large,
MET,Financials,Life & Health Insurance,large,
META,Communication Services,Interactive Media & Services,large,
MGM,Consumer Discretionary,Casinos & Gaming,large,
MKC,Consumer Staples,Packaged Foods & Meats,large,
MLM,Materials,Construction Materials,large,
MMM,Industrials,Industrial Conglomerates,large,
MNST,Consumer Staples,Soft Drinks & Non-alcoholic Beverages,large,
MO,Consumer Staples,Tobacco,large,
MOS,Materials,Fertilizers & Agricultural Chemicals,large,
MPC,Energy,Oil & Gas Refining & Marketing,large,
MPWR,Information Technology,Semiconductors,large,
MRK,Health Care,Pharmaceuticals,large,
MRNA,Health Care,Biotechnology,large,
MRSH,Financials,Insurance Brokers,large,
MS,Financials,Investment Banking & Brokerage,large,
MSCI,Financials,Financial Exchanges & Data,large,
MSFT,Information Technology,Systems Software,large,
MSI,Information Technology,Communications Equipment,large,
MTB,Financials,Regional Banks,large,
MTD,Health Care,Life Sciences Tools & Services,large,
MU,Information Technology,Semiconductors,large,
NCLH,Consumer Discretionary,"Hotels, Resorts & Cruise Lines",large,
NDAQ,Financials,Financial Exchanges & Data,large,
NDSN,Industrials,Industrial Machinery & Supplies & Components,large,
NEE,Utilities,Multi-Utilities,large,
NEM,Materials,Gold,large,
NFLX,Communication Services,Movies & Entertainment,large,
NI,Utilities,Multi-Utilities,large,
NKE,Consumer Discretionary,"Apparel, Accessories & Luxury Goods",large,
NOC,Industrials,Aerospace & Defense,large,
NOW,Information Technology,Systems Software,large,
NRG,Utilities,Independent Power Producers & Energy Traders,large,
NSC,Industrials,Rail Transportation,large,
NTAP,Information Technology,"Technology Hardware, Storage & Peripherals",large,
NTRS,Financials,Asset Management & Custody Banks,large,
NUE,Materials,Steel,large,
NVDA,Information Technology,Semiconductors,large,
NVR,Consumer Discretionary,Homebuilding,large,
NWS,Communication Services,Publishing,large,
NWSA,Communication Services,Publishing,large,
NXPI,Information Technology,Semiconductors,large,
O,Real Estate,Retail REITs,large,
ODFL,Industrials,Cargo Ground Transportation,large,
OKE,Energy,Oil & Gas Storage & Transportation,large,
OMC,Communication Services,Advertising,large,
ON,Information Technology,Semiconductors,large,
ORCL,Information Technology,Application Software,large,
ORLY,Consumer Discretionary,Automotive Retail,large,
OTIS,Industrials,Industrial Machinery & Supplies & Components,large,
OXY,Energy,Oil & Gas Exploration & Production,large,
PANW,Information Technology,Systems Software,large,
PAYX,Industrials,Human Resource & Employment Services,large,
PCAR,Industrials,Construction Machinery & Heavy Transportation Equipment,large,
PCG,Utilities,Multi-Utilities,large,
PEG,Utilities,Electric Utilities,large,
PEP,Consumer Staples,Soft Drinks & Non-alcoholic Beverages,large,
PFE,Health Care,Pharmaceuticals,large,
PFG,Financials,Life & Health Insurance,large,
PG,Consumer Staples,Personal Care Products,large,
PGR,Financials,Property & Casualty Insurance,large,
PH,Industrials,Industrial Machinery & Supplies & Components,large,
PHM,Consumer Discretionary,Homebuilding,large,
PKG,Materials,Paper & Plastic Packaging Products & Materials,large,
PLD,Real Estate,Industrial REITs,large,
PLTR,Information Technology,Application Software,large,
PM,Consumer Staples,Tobacco,large,
PNC,Financials,Diversified Banks,large,
PNR,Industrials,Industrial Machinery & Supplies & Components,large,
PNW,Utilities,Multi-Utilities,large,
PODD,Health Care,Health Care Equipment,large,
POOL,Consumer Discretionary,Distributors,large,
PPG,Materials,Specialty Chemicals,large,
PPL,Utilities,Electric Utilities,large,
PRU,Financials,Life & Health Insurance,large,
PSA,Real Estate,Self-Storage REITs,large,
PSKY,Communication Services,Movies & Entertainment,large,
PSX,Energy,Oil & Gas Refining & Marketing,large,
PTC,Information Technology,Application Software,large,
PWR,Industrials,Construction & Engineering,large,
PYPL,Financials,Transaction & Payment Processing Services,large,
Q,Information Technology,Semiconductor Materials & Equipment,large,
QCOM,Information Technology,Semiconductors,large,
RCL,Consumer Discretionary,"Hotels, Resorts & Cruise Lines",large,
REG,Real Estate,Retail REITs,large,
REGN,Health Care,Biotechnology,large,
RF,Financials,Regional Banks,large,
RJF,Financials,Investment Banking & Brokerage,large,
RL,Consumer Discretionary,"Apparel, Accessories & Luxury Goods",large,
RMD,Health Care,Health Care Equipment,large,
ROK,Industrials,Electrical Components & Equipment,large,
ROL,Industrials,Environmental & Facilities Services,large,
ROP,Information Technology,Electronic Equipment & Instruments,large,
ROST,Consumer Discretionary,Apparel Retail,large,
RSG,Industrials,Environmental & Facilities Services,large,
RTX,Industrials,Aerospace & Defense,large,
RVTY,Health Care,Health Care Equipment,large,
SATS,Communication Services,Wireless Telecommunication Services,large,
SBAC,Real Estate,Telecom Tower REITs,large,
SBUX,Consumer Discretionary,Restaurants,large,
SCHW,Financials,Investment Banking & Brokerage,large,
SHW,Materials,Specialty Chemicals,large,
SJM,Consumer Staples,Packaged Foods & Meats,large,
SLB,Energy,Oil & Gas Equipment & Services,large,
SMCI,Information Technology,"Technology Hardware, Storage & Peripherals",large,
SNA,Industrials,Industrial Machinery & Supplies & Components,large,
SNDK,Information Technology,"Technology Hardware, Storage & Peripherals",large,
SNPS,Information Technology,Application Software,large,
SO,Utilities,Electric Utilities,large,
SOLV,Health Care,Health Care Technology,large,
SPG,Real Estate,Retail REITs,large,
SPGI,Financials,Financial Exchanges & Data,large,
SRE,Utilities,Multi-Utilities,large,
STE,Health Care,Health Care Equipment,large,
STLD,Materials,Steel,large,
STT,Financials,Asset Management & Custody Banks,large,
STX,Information Technology,"Technology Hardware, Storage & Peripherals",large,
STZ,Consumer Staples,Distillers & Vintners,large,
SW,Materials,Paper & Plastic Packaging Products & Materials,large,
SWK,Industrials,Industrial Machinery & Supplies & Components,large,
SWKS,Information Technology,Semiconductors,large,
SYF,Financials,Consumer Finance,large,
SYK,Health Care,Health Care Equipment,large,
SYY,Consumer Staples,Food Distributors,large,
T,Communication Services,Integrated Telecommunication Services,large,
TAP,Consumer Staples,Brewers,large,
TDG,Industrials,Aerospace & Defense,large,
TDY,Information Technology,Electronic Equipment & Instruments,large,
TECH,Health Care,Life Sciences Tools & Services,large,
TEL,Information Technology,Electronic Manufacturing Services,large,
TER,Information Technology,Semiconductor Materials & Equipment,large,
TFC,Financials,Diversified Banks,large,
TGT,Consumer Staples,Consumer Staples Merchandise Retail,large,
TJX,Consumer Discretionary,Apparel Retail,large,
TKO,Communication Services,Movies & Entertainment,large,
TMO,Health Care,Life Sciences Tools & Services,large,
TMUS,Communication Services,Wireless Telecommunication Services,large,
TPL,Energy,Oil & Gas Exploration & Production,large,
TPR,Consumer Discretionary,"Apparel, Accessories & Luxury Goods",large,
TRGP,Energy,Oil & Gas Storage & Transportation,large,
TRMB,Information Technology,Electronic Equipment & Instruments,large,
TROW,Financials,Asset Management & Custody Banks,large,
TRV,Financials,Property & Casualty Insurance,large,
TSCO,Consumer Discretionary,Other Specialty Retail,large,
TSLA,Consumer Discretionary,Automobile Manufacturers,large,
TSN,Consumer Staples,Packaged Foods & Meats,large,
TT,Industrials,Building Products,large,
TTD,Communication Services,Advertising,large,
TTWO,Communication Services,Interactive Home Entertainment,large,
TXN,Information Technology,Semiconductors,large,
TXT,Industrials,Aerospace & Defense,large,
TYL,Information Technology,Application Software,large,
UAL,Industrials,Passenger Airlines,large,
UBER,Industrials,Passenger Ground Transportation,large,
UDR,Real Estate,Multi-Family Residential REITs,large,
UHS,Health Care,Health Care Facilities,large,
ULTA,Consumer Discretionary,Other Specialty Retail,large,
UNH,Health Care,Managed Health Care,large,
UNP,Industrials,Rail Transportation,large,
UPS,Industrials,Air Freight & Logistics,large,
URI,Industrials,Trading Companies & Distributors,large,
USB,Financials,Diversified Banks,large,
V,Financials,Transaction & Payment Processing Services,large,
VICI,Real Estate,Hotel & Resort REITs,large,
VLO,Energy,Oil & Gas Refining & Marketing,large,
VLTO,Industrials,Environmental & Facilities Services,large,
VMC,Materials,Construction Materials,large,
VRSK,Industrials,Research & Consulting Services,large,
VRSN,Information Technology,Internet Services & Infrastructure,large,
VRT,Industrials,Electrical Components & Equipment,large,
VRTX,Health Care,Biotechnology,large,
VST,Utilities,Electric Utilities,large,
VTR,Real Estate,Health Care REITs,large,
VTRS,Health Care,Pharmaceuticals,large,
VZ,Communication Services,Integrated Telecommunication Services,large,
WAB,Industrials,Construction Machinery & Heavy Transportation Equipment,large,
WAT,Health Care,Life Sciences Tools & Services,large,
WBD,Communication Services,Broadcasting,large,
WDAY,Information Technology,Application Software,large,
WDC,Information Technology,"Technology Hardware, Storage & Peripherals",large,
WEC,Utilities,Electric Utilities,large,
WELL,Real Estate,Health Care REITs,large,
WFC,Financials,Diversified Banks,large,
WM,Industrials,Environmental & Facilities Services,large,
WMB,Energy,Oil & Gas Storage & Transportation,large,
WMT,Consumer Staples,Consumer Staples Merchandise Retail,large,
WRB,Financials,Property & Casualty Insurance,large,
WSM,Consumer Discretionary,Homefurnishing Retail,large,
WST,Health Care,Health Care Supplies,large,
WTW,Financials,Insurance Brokers,large,
WY,Real Estate,Timber REITs,large,
WYNN,Consumer Discretionary,Casinos & Gaming,large,
XEL,Utilities,Multi-Utilities,large,
XOM,Energy,Integrated Oil & Gas,large,
XYL,Industrials,Industrial Machinery & Supplies & Components,large,
XYZ,Financials,Transaction & Payment Processing Services,large,
YUM,Consumer Discretionary,Restaurants,large,
ZBH,Health Care,Health Care Equipment,large,
ZBRA,Information Technology,Electronic Equipment & Instruments,large,
ZTS,Health Care,Pharmaceuticals,large,
